2023/05/18 11:26:34,936
2023/05/18 16:24:12,938
2023/05/18 17:26:10,939
2023/05/19 10:05:17,951
2023/05/19 15:05:21,954
2023/05/22 10:00:21,955
2023/05/22 11:15:46,956
2023/05/22 11:49:01,958
2023/05/26 11:40:00,977
2023/05/26 16:01:15,982
2023/05/29 04:46:15,993
2023/05/29 04:52:48,995
2023/05/30 16:47:54,1005
2023/05/31 11:47:22,1008
2023/06/02 13:23:14,1019
2023/06/04 17:52:15,1025
2023/06/05 10:46:43,1027
2023/06/05 11:59:29,1029
2023/06/06 13:38:22,1036
2023/06/11 20:20:10,1066
2023/06/12 12:43:33,1067
2023/06/14 16:17:18,1097
2023/06/19 10:19:55,1124
2023/06/20 12:29:05,1137
2009/01/01 16:19:01,1149
2009/01/01 00:59:34,1151
2023/06/27 16:51:15,1166
2023/07/03 11:57:43,1185
2023/08/02 10:57:45,1312
2023/08/14 12:55:00,1346
2023/08/16 11:58:53,1353
2023/08/23 10:57:34,1368
2023/09/07 13:18:30,1432
2023/09/11 12:15:26,1446
2023/09/25 11:08:03,1488
