2023/05/18 16:24:12,301
2023/05/19 10:05:17,303
2023/05/19 15:05:21,304
2023/05/22 10:00:21,305
2023/05/26 11:40:00,310
2023/05/29 04:46:15,311
2023/05/29 05:06:12,312
2023/05/30 16:47:54,314
2023/05/31 11:47:22,316
2023/06/02 13:23:14,323
2023/06/04 17:52:15,324
2023/06/05 11:59:29,325
2023/06/06 13:38:22,327
2023/06/11 20:20:10,345
2023/06/14 16:17:18,352
2023/06/19 10:19:55,355
2023/06/20 12:29:05,358
2009/01/01 16:19:01,361
2009/01/01 00:59:34,364
2023/06/27 16:51:15,373
2023/07/03 11:57:43,386
2023/08/02 10:57:45,500
2023/08/14 12:55:00,513
2023/08/16 11:58:53,515
2023/08/23 10:57:34,529
2023/09/07 13:18:30,557
2023/09/11 12:15:26,560
2023/09/25 11:08:03,577
2023/09/25 11:45:12,578
